{
  "set": {
    "6285295552354@s.whatsapp.net": {
      "lang": "id",
      "limit": 1,
      "uang": 0,
      "status": 0,
      "join": true,
      "public": true,
      "anticall": true,
      "original": true,
      "readsw": false,
      "autobio": false,
      "autoread": true,
      "antispam": true,
      "autotyping": true,
      "multiprefix": false,
      "template": "textMessage"
    }
  },
  "users": {
    "6285295552354@s.whatsapp.net": {
      "vip": false,
      "afkTime": -1,
      "afkReason": "",
      "limit": 19,
      "uang": 10000,
      "lastclaim": 1739440804326,
      "lastbegal": 1739440804327,
      "lastrampok": 1739440804327
    },
    "6283823074219@s.whatsapp.net": {
      "vip": false,
      "afkTime": -1,
      "afkReason": "",
      "limit": 20,
      "uang": 10000,
      "lastclaim": 1739440805571,
      "lastbegal": 1739440805571,
      "lastrampok": 1739440805571
    },
    "6285236376609@s.whatsapp.net": {
      "vip": false,
      "afkTime": -1,
      "afkReason": "",
      "limit": 20,
      "uang": 10000,
      "lastclaim": 1739440891002,
      "lastbegal": 1739440891002,
      "lastrampok": 1739440891002
    },
    "6285832254785@s.whatsapp.net": {
      "vip": false,
      "afkTime": -1,
      "afkReason": "",
      "limit": 20,
      "uang": 10000,
      "lastclaim": 1739440920505,
      "lastbegal": 1739440920505,
      "lastrampok": 1739440920505
    },
    "13135550002@s.whatsapp.net": {
      "vip": false,
      "afkTime": -1,
      "afkReason": "",
      "limit": 20,
      "uang": 10000,
      "lastclaim": 1739441019565,
      "lastbegal": 1739441019565,
      "lastrampok": 1739441019565
    },
    "6283136782224@s.whatsapp.net": {
      "vip": false,
      "afkTime": -1,
      "afkReason": "",
      "limit": 20,
      "uang": 10000,
      "lastclaim": 1739441312023,
      "lastbegal": 1739441312023,
      "lastrampok": 1739441312023
    },
    "6283107522064@s.whatsapp.net": {
      "vip": false,
      "afkTime": -1,
      "afkReason": "",
      "limit": 20,
      "uang": 10000,
      "lastclaim": 1739441701576,
      "lastbegal": 1739441701576,
      "lastrampok": 1739441701576
    },
    "6283107522059@s.whatsapp.net": {
      "vip": false,
      "afkTime": -1,
      "afkReason": "",
      "limit": 20,
      "uang": 10000,
      "lastclaim": 1739442471461,
      "lastbegal": 1739442471461,
      "lastrampok": 1739442471461
    },
    "6285774661434@s.whatsapp.net": {
      "vip": false,
      "afkTime": -1,
      "afkReason": "",
      "limit": 20,
      "uang": 10000,
      "lastclaim": 1739442572817,
      "lastbegal": 1739442572817,
      "lastrampok": 1739442572817
    },
    "6283145079558@s.whatsapp.net": {
      "vip": false,
      "afkTime": -1,
      "afkReason": "",
      "limit": 20,
      "uang": 10000,
      "lastclaim": 1739443132606,
      "lastbegal": 1739443132606,
      "lastrampok": 1739443132606
    },
    "6281398663802@s.whatsapp.net": {
      "vip": false,
      "afkTime": -1,
      "afkReason": "",
      "limit": 20,
      "uang": 10000,
      "lastclaim": 1739443144156,
      "lastbegal": 1739443144156,
      "lastrampok": 1739443144156
    },
    "6281360469487@s.whatsapp.net": {
      "vip": false,
      "afkTime": -1,
      "afkReason": "",
      "limit": 20,
      "uang": 10000,
      "lastclaim": 1739443329626,
      "lastbegal": 1739443329626,
      "lastrampok": 1739443329626
    },
    "6282113821188@s.whatsapp.net": {
      "vip": false,
      "afkTime": -1,
      "afkReason": "",
      "limit": 20,
      "uang": 10000,
      "lastclaim": 1739443614189,
      "lastbegal": 1739443614189,
      "lastrampok": 1739443614189
    },
    "6283877636168@s.whatsapp.net": {
      "vip": false,
      "afkTime": -1,
      "afkReason": "",
      "limit": 20,
      "uang": 10000,
      "lastclaim": 1739443670222,
      "lastbegal": 1739443670225,
      "lastrampok": 1739443670225
    },
    "6283824761296@s.whatsapp.net": {
      "vip": false,
      "afkTime": -1,
      "afkReason": "",
      "limit": 20,
      "uang": 10000,
      "lastclaim": 1739445124814,
      "lastbegal": 1739445124814,
      "lastrampok": 1739445124814
    },
    "120363352577814915@g.us": {
      "vip": false,
      "afkTime": -1,
      "afkReason": "",
      "limit": 20,
      "uang": 10000,
      "lastclaim": 1739445290166,
      "lastbegal": 1739445290166,
      "lastrampok": 1739445290166
    }
  },
  "game": {
    "suit": [],
    "menfes": [],
    "tekateki": [],
    "akinator": [],
    "tictactoe": [],
    "tebaklirik": [],
    "kuismath": [],
    "tebaklagu": [],
    "tebakkata": [],
    "family100": [],
    "susunkata": [],
    "tebakbom": [],
    "tebakkimia": [],
    "caklontong": [],
    "tebakangka": [],
    "tebaknegara": [],
    "tebakgambar": [],
    "tebakbendera": []
  },
  "groups": {
    "120363043742860150@g.us": {
      "nsfw": false,
      "mute": false,
      "setinfo": true,
      "antilink": false,
      "antitoxic": false,
      "welcome": true,
      "antivirtex": false,
      "antidelete": false,
      "waktusholat": false
    },
    "120363402987957392@g.us": {
      "nsfw": false,
      "mute": false,
      "setinfo": true,
      "antilink": false,
      "antitoxic": false,
      "welcome": true,
      "antivirtex": false,
      "antidelete": false,
      "waktusholat": false
    },
    "120363377688106735@g.us": {
      "nsfw": false,
      "mute": false,
      "setinfo": true,
      "antilink": false,
      "antitoxic": false,
      "welcome": true,
      "antivirtex": false,
      "antidelete": false,
      "waktusholat": false
    },
    "120363352577814915@g.us": {
      "nsfw": false,
      "mute": false,
      "setinfo": true,
      "antilink": true,
      "antitoxic": false,
      "welcome": true,
      "antivirtex": false,
      "antidelete": false,
      "waktusholat": false
    }
  },
  "database": {}
}